,pcode
0,3000
1,3204
2,3777
3,3066
4,3000
5,3149
6,3008
7,3002
8,3183
9,3182
10,3000
11,3977
12,3167
13,3051
14,3141
15,3127
16,3000
17,3000
18,3030
19,3128
20,3053
21,3205
22,3775
23,3166
24,3782
25,3000
26,3000
27,3000
28,3977
29,3121
30,3141
31,3182
32,3000
33,3056
34,3000
35,3003
36,3031
37,3000
38,3193
39,3204
40,3066
41,3777
42,3058
43,3108
44,3121
45,3000
46,3070
47,3000
48,3000
49,3799
50,3043
51,3000
52,3006
53,3000
54,3777
55,3068
56,3179
57,3125
58,3163
59,3186
60,3004
61,3121
62,3181
63,3072
64,3006
65,3150
66,3041
67,3193
68,3977
69,3000
70,3073
71,3052
72,3108
73,3006
74,3125
75,3015
76,3071
77,3056
78,3008
79,3182
80,3205
81,3128
82,3056
83,3000
84,3000
85,3008
86,3008
87,3141
88,3002
89,3076
90,3103
91,3000
92,3020
93,3104
94,3113
95,3000
96,3004
97,3000
98,3185
99,3006
100,3004
101,3182
102,3192
103,3000
104,3205
105,3000
106,3067
107,3004
108,3150
109,3122
110,3185
111,3183
112,3122
113,3032
114,3006
115,3002
116,3777
117,3044
118,3777
119,3004
120,3137
121,3013
122,3066
123,3053
124,3168
125,3166
126,3054
127,3182
128,3167
129,3031
130,3011
131,3051
132,3070
133,3206
134,3121
135,3006
136,3032
137,3053
138,3000
139,3008
140,3065
141,3053
142,3148
143,3029
144,3150
145,3121
146,3185
147,3148
148,3004
149,3182
150,3190
151,3006
152,3108
153,3121
154,3031
155,3097
156,3000
157,3003
158,3142
159,3004
160,3189
161,3000
162,3162
163,3053
164,3775
165,3182
166,3000
167,3207
168,3030
169,3146
170,3161
171,3000
172,3006
173,3184
174,3004
175,3108
176,3128
177,3008
178,3030
179,3057
180,3000
181,3108
182,3056
183,3102
184,3127
185,3101
186,3006
187,3182
188,3163
189,3128
190,3121
191,3182
192,3199
193,3006
194,3181
195,3121
196,3108
197,3182
198,3150
199,3143
200,3081
201,3141
202,3008
203,3182
204,3065
205,3186
206,3181
207,3123
208,3141
209,3004
210,3000
211,3000
212,3016
213,3000
214,3076
215,3008
216,3154
217,3128
218,3079
219,3054
220,3108
221,3000
222,3788
223,3182
224,3121
225,3051
226,3044
227,3121
228,3121
229,3056
230,3429
231,3173
232,3181
233,3065
234,3006
235,3000
236,3008
237,3070
238,3183
239,3030
240,3000
241,3006
242,3000
243,3186
244,3788
245,3161
246,3121
247,3207
248,3056
249,3066
250,3121
251,3031
252,3000
253,3058
254,3054
255,3039
256,3032
257,3015
258,3000
259,3128
260,3182
261,3184
262,3000
263,3065
264,3029
265,3195
266,3813
267,3127
268,3182
269,3000
270,3184
271,3057
272,3770
273,3000
274,3777
275,3141
276,3195
277,3004
278,3056
279,3108
280,3104
281,3799
282,3008
283,3030
284,3142
285,3146
286,3066
287,3121
288,3056
289,3146
290,3008
291,3000
292,3181
293,3000
294,3182
295,3805
296,3073
297,3030
298,3070
299,3004
300,3051
301,3053
302,3000
303,3003
304,3006
305,3108
306,3000
307,3067
308,3182
309,3128
310,3065
311,3000
312,3006
313,3000
314,3777
315,3006
316,3008
317,3000
318,3054
319,3000
320,3108
321,3053
322,3011
323,3029
324,3182
325,3071
326,3207
327,3067
328,3182
329,3802
330,3205
331,3031
332,3000
333,3053
334,3006
335,3066
336,3198
337,3205
338,3207
339,3183
340,3151
341,3149
342,3196
343,3000
344,3053
345,3204
346,3178
347,3128
348,3169
349,3129
350,3004
351,3006
352,3206
353,3109
354,3121
355,3141
356,3175
357,3163
358,3000
359,3068
360,3006
361,3124
362,3000
363,3008
364,3000
365,3006
366,3006
367,3192
368,3004
369,3006
370,3000
371,3051
372,3015
373,3067
374,3185
375,3123
376,3083
377,3185
378,3161
379,3188
380,3003
381,3004
382,3058
383,3121
384,3006
385,3000
386,3051
387,3128
388,3006
389,3766
390,3068
391,3008
392,3004
393,3000
394,3121
395,3000
396,3792
397,3057
398,3000
399,3030
400,3139
401,3004
402,3051
403,3003
404,3002
405,3184
406,3002
407,3183
408,3133
409,3051
410,3143
411,3011
412,3182
413,3181
414,3141
415,3183
416,3008
417,3121
418,3199
419,3190
420,3168
421,3000
422,3021
423,3797
424,3184
425,3113
426,3031
427,3056
428,3053
429,3141
430,3053
431,3008
432,3185
433,3145
434,3123
435,3181
436,3000
437,3000
438,3000
439,3182
440,3192
441,3799
442,3121
443,3004
444,3065
445,3130
446,3139
447,3066
448,3056
449,3000
450,3799
451,3182
452,3027
453,3121
454,3205
455,3018
456,3056
457,3000
458,3004
459,3068
460,3083
461,3207
462,3205
463,3121
464,3205
465,3073
466,3015
467,3078
468,3161
469,3150
470,3205
471,3185
472,3056
473,3145
474,3141
475,3123
476,3150
477,3065
478,3000
479,3205
480,3000
481,3000
482,3056
483,3004
484,3183
485,3000
486,3008
487,3068
488,3006
489,3191
490,3068
491,3031
492,3101
493,3030
494,3065
495,3006
496,3016
497,3161
498,3072
499,3056
500,3126
501,3008
502,3775
503,3122
504,3000
505,3070
506,3000
507,3141
508,3000
509,3000
510,3183
511,3101
512,3182
513,3141
514,3003
515,3008
516,3068
517,3008
518,3052
519,3175
520,3006
521,3004
522,3181
523,3000
524,3068
525,3030
526,3000
527,3032
528,3108
529,3204
530,3163
531,3004
532,3013
533,3182
534,3043
535,3004
536,3000
537,3008
538,3128
539,3030
540,3207
541,3002
542,3058
543,3000
544,3168
545,3977
546,3000
547,3056
548,3039
549,3207
550,3183
551,3070
552,3053
553,3000
554,3182
555,3006
556,3006
557,3068
558,3183
559,3006
560,3205
561,3000
562,3000
563,3000
564,3054
565,3066
566,3000
567,3053
568,3006
569,3166
570,3182
571,3181
572,3782
573,3070
574,3072
575,3183
576,3121
577,3141
578,3000
579,3182
580,3006
581,3181
582,3029
583,3029
584,3006
585,3141
586,3141
587,3141
588,3011
589,3056
590,3012
591,3004
592,3139
593,3051
594,3064
595,3040
596,3040
597,3003
598,3004
599,3000
600,3141
601,3128
602,3182
603,3072
604,3056
605,3047
606,3006
607,3006
608,3004
609,3068
610,3008
611,3166
612,3056
613,3032
614,3206
615,3056
616,3163
617,3008
618,3127
619,3000
620,3006
621,3207
622,3058
623,3181
624,3051
625,3006
626,3000
627,3781
628,3030
629,3094
630,3054
631,3141
632,3000
633,3124
634,3782
635,3142
636,3121
637,3198
638,3000
639,3128
640,3000
641,3002
642,3020
643,3181
644,3205
645,3032
646,3427
647,3150
648,3006
649,3003
650,3012
651,3163
652,3051
653,3000
654,3000
655,3184
656,3066
657,3000
658,3207
659,3183
660,3000
661,3068
662,3004
663,3068
664,3006
665,3141
666,3078
667,3006
668,3006
669,3108
670,3182
671,3006
672,3072
673,3058
674,3053
675,3083
676,3071
677,3066
678,3121
679,3006
680,3195
681,3006
682,3184
683,3124
684,3000
685,3070
686,3000
687,3008
688,3000
689,3182
690,3206
691,3128
692,3143
693,3205
694,3000
695,3185
696,3000
697,3205
698,3196
699,3000
700,3011
701,3141
702,3181
703,3191
704,3052
705,3011
706,3003
707,3000
708,3182
709,3000
710,3031
711,3066
712,3182
713,3101
714,3008
715,3805
716,3070
717,3006
718,3065
719,3121
720,3000
721,3143
722,3006
723,3000
724,3008
725,3070
726,3072
727,3777
728,3074
729,3004
730,3199
731,3000
732,3067
733,3053
734,3184
735,3799
736,3187
737,3006
738,3122
739,3192
740,3182
741,3182
742,3071
743,3130
744,3000
745,3145
746,3067
747,3777
748,3109
749,3020
750,3205
751,3182
752,3184
753,3053
754,3031
755,3013
756,3002
757,3182
758,3031
759,3053
760,3150
761,3108
762,3206
763,3149
764,3181
765,3121
766,3012
767,3000
768,3207
769,3095
770,3181
771,3029
772,3006
773,3122
774,3066
775,3000
776,3004
777,3181
778,3000
779,3182
780,3204
781,3204
782,3144
783,3006
784,3031
785,3182
786,3006
787,3051
788,3000
789,3013
790,3163
791,3031
792,3066
793,3777
794,3168
795,3063
796,3122
797,3065
798,3101
799,3071
800,3000
801,3008
802,3141
803,3792
804,3174
805,3207
806,3207
807,3058
808,3178
809,3141
810,3132
811,3065
812,3008
813,3141
814,3000
815,3006
816,3028
817,3182
818,3188
819,3066
820,3207
821,3000
822,3183
823,3065
824,3065
825,3056
826,3053
827,3053
828,3158
829,3056
830,3057
831,3059
832,3206
833,3141
834,3000
835,3192
836,3051
837,3053
838,3004
839,3196
840,3198
841,3181
842,3051
843,3067
844,3104
845,3032
846,3006
847,3150
848,3000
849,3000
850,3000
851,3030
852,3000
853,3056
854,3000
855,3008
856,3000
857,3039
858,3057
859,3770
860,3000
861,3782
862,3152
863,3011
864,3127
865,3011
866,3004
867,3184
868,3000
869,3039
870,3008
871,3108
872,3205
873,3051
874,3055
875,3006
876,3008
877,3000
878,3777
879,3068
880,3141
881,3184
882,3183
883,3182
884,3067
885,3000
886,3000
887,3056
888,3198
889,3097
890,3003
891,3000
892,3195
893,3065
894,3003
895,3004
896,3182
897,3073
898,3188
899,3161
900,3121
901,3143
902,3029
903,3006
904,3000
905,3799
906,3000
907,3053
908,3004
909,3162
910,3000
911,3031
912,3183
913,3006
914,3183
915,3122
916,3053
917,3186
918,3767
919,3141
920,3141
921,3182
922,3000
923,3181
924,3141
925,3168
926,3065
927,3018
928,3141
929,3183
930,3162
931,3141
932,3051
933,3104
934,3072
935,3000
936,3053
937,3032
938,3182
939,3000
940,3081
941,3003
942,3013
943,3068
944,3000
945,3006
946,3000
947,3004
948,3055
949,3124
950,3079
951,3184
952,3070
953,3978
954,3000
955,3789
956,3000
957,3031
958,3000
959,3006
960,3000
961,3008
962,3128
963,3182
964,3183
965,3008
966,3207
967,3135
968,3155
969,3145
970,3108
971,3067
972,3000
973,3191
974,3002
975,3205
976,3055
977,3000
978,3016
979,3000
980,3122
981,3066
982,3181
983,3000
984,3186
985,3097
986,3072
987,3013
988,3000
989,3186
990,3206
991,3006
992,3053
993,3051
994,3051
995,3129
996,3004
997,3006
998,3056
999,3175
1000,3067
1001,3108
1002,3182
1003,3006
1004,3122
1005,3006
1006,3053
1007,3056
1008,3184
1009,3054
1010,3181
1011,3070
1012,3174
1013,3067
1014,3797
1015,3006
1016,3145
1017,3006
1018,3910
1019,3008
1020,3000
1021,3006
1022,3018
1023,3000
1024,3000
1025,3167
1026,3072
1027,3002
1028,3975
1029,3028
1030,3000
1031,3141
1032,3000
1033,3141
1034,3000
1035,3084
1036,3051
1037,3182
1038,3186
1039,3191
1040,3006
1041,3000
1042,3184
1043,3056
1044,3000
1045,3006
1046,3008
1047,3181
1048,3184
1049,3173
1050,3182
1051,3004
1052,3070
1053,3126
1054,3122
1055,3008
1056,3066
1057,3053
1058,3071
1059,3000
1060,3185
1061,3004
1062,3128
1063,3065
1064,3051
1065,3006
1066,3078
1067,3004
1068,3181
1069,3053
1070,3002
1071,3142
1072,3809
1073,3000
1074,3141
1075,3000
1076,3006
1077,3030
1078,3003
1079,3181
1080,3008
1081,3068
1082,3000
1083,3186
1084,3006
1085,3144
1086,3182
1087,3054
1088,3067
1089,3053
1090,3777
1091,3141
1092,3000
1093,3146
1094,3121
1095,3070
1096,3000
1097,3195
1098,3141
1099,3051
1100,3163
1101,3000
1102,3006
1103,3070
1104,3141
1105,3000
1106,3179
1107,3182
1108,3070
1109,3011
1110,3008
1111,3000
1112,3143
1113,3184
1114,3058
1115,3121
1116,3165
1117,3006
1118,3000
1119,3199
1120,3066
1121,3160
1122,3204
1123,3008
1124,3142
1125,3978
1126,3084
1127,3121
1128,3183
1129,3184
1130,3128
1131,3000
1132,3146
1133,3066
1134,3024
1135,3083
1136,3008
1137,3006
1138,3788
1139,3121
1140,3181
1141,3053
1142,3065
1143,3006
1144,3205
1145,3000
1146,3067
1147,3145
1148,3008
1149,3008
1150,3173
1151,3122
1152,3031
1153,3068
1154,3000
1155,3031
1156,3008
1157,3056
1158,3000
1159,3059
1160,3788
1161,3129
1162,3004
1163,3029
1164,3128
1165,3051
1166,3057
1167,3182
1168,3053
1169,3053
1170,3205
1171,3056
1172,3141
1173,3054
1174,3182
1175,3168
1176,3066
1177,3108
1178,3013
1179,3006
1180,3006
1181,3000
1182,3065
1183,3053
1184,3777
1185,3141
1186,3184
1187,3141
1188,3003
1189,3128
1190,3008
1191,3141
1192,3000
1193,3156
1194,3018
1195,3108
1196,3111
1197,3055
1198,3429
1199,3049
1200,3199
1201,3053
1202,3150
1203,3068
1204,3783
1205,3072
1206,3055
1207,3054
1208,3141
1209,3006
1210,3182
1211,3788
1212,3004
1213,3142
1214,3032
1215,3000
1216,3008
1217,3006
1218,3057
1219,3008
1220,3089
1221,3003
1222,3068
1223,3039
1224,3207
1225,3128
1226,3071
1227,3056
1228,3181
1229,3207
1230,3183
1231,3182
1232,3070
1233,3004
1234,3004
1235,3111
1236,3141
1237,3067
1238,3056
1239,3149
1240,3000
1241,3000
1242,3000
1243,3000
1244,3003
1245,3122
1246,3184
1247,3173
1248,3000
1249,3149
1250,3057
1251,3000
1252,3018
1253,3161
1254,3182
1255,3000
1256,3000
1257,3000
1258,3141
1259,3002
1260,3174
1261,3032
1262,3205
1263,3000
1264,3004
1265,3182
1266,3000
1267,3193
1268,3205
1269,3083
1270,3065
1271,3000
1272,3000
1273,3032
1274,3183
1275,3000
1276,3068
1277,3068
1278,3141
1279,3065
1280,3053
1281,3053
1282,3019
1283,3184
1284,3002
1285,3178
1286,3121
1287,3006
1288,3006
1289,3099
1290,3000
1291,3008
1292,3006
1293,3182
1294,3150
1295,3002
1296,3141
1297,3006
1298,3008
1299,3052
1300,3057
1301,3205
1302,3166
1303,3168
1304,3141
1305,3144
1306,3161
1307,3169
1308,3032
1309,3109
1310,3141
1311,3000
1312,3000
1313,3206
1314,3161
1315,3004
1316,3067
1317,3071
1318,3181
1319,3056
1320,3006
1321,3182
1322,3178
1323,3143
1324,3175
1325,3121
1326,3006
1327,3004
1328,3799
1329,3008
1330,3023
1331,3152
1332,3204
1333,3031
1334,3000
1335,3777
1336,3028
1337,3184
1338,3056
1339,3002
1340,3000
1341,3081
1342,3000
1343,3065
1344,3187
1345,3003
1346,3000
1347,3065
1348,3000
1349,3752
1350,3205
1351,3184
1352,3197
1353,3205
1354,3000
1355,3079
1356,3182
1357,3004
1358,3051
1359,3181
1360,3000
1361,3126
1362,3113
1363,3128
1364,3104
1365,3004
1366,3000
1367,3141
1368,3000
1369,3000
1370,3083
1371,3181
1372,3000
1373,3141
1374,3057
1375,3081
1376,3000
1377,3006
1378,3000
1379,3004
1380,3150
1381,3006
1382,3000
1383,3052
1384,3163
1385,3054
1386,3066
1387,3000
1388,3162
1389,3011
1390,3053
1391,3205
1392,3767
1393,3008
1394,3053
1395,3141
1396,3000
1397,3053
1398,3002
1399,3205
1400,3183
1401,3070
1402,3777
1403,3006
1404,3000
1405,3000
1406,3006
1407,3044
1408,3000
1409,3752
1410,3065
1411,3018
1412,3008
1413,3429
1414,3000
1415,3000
1416,3000
1417,3183
1418,3044
1419,3182
1420,3066
1421,3141
1422,3000
1423,3055
1424,3205
1425,3206
1426,3153
1427,3206
1428,3337
1429,3011
1430,3183
1431,3008
1432,3006
1433,3054
1434,3011
1435,3128
1436,3006
1437,3111
1438,3053
1439,3000
1440,3182
1441,3000
1442,3163
1443,3004
1444,3000
1445,3000
1446,3008
1447,3000
1448,3977
1449,3806
1450,3163
1451,3000
1452,3205
1453,3000
1454,3011
1455,3046
1456,3000
1457,3804
1458,3182
1459,3006
1460,3121
1461,3004
1462,3003
1463,3058
1464,3184
1465,3113
1466,3000
1467,3799
1468,3141
1469,3003
1470,3777
1471,3163
1472,3121
1473,3004
1474,3054
1475,3204
1476,3033
1477,3183
1478,3192
1479,3207
1480,3008
1481,3000
1482,3058
1483,3000
1484,3000
1485,3056
1486,3000
1487,3182
1488,3008
1489,3065
1490,3797
1491,3002
1492,3000
1493,3065
1494,3006
1495,3182
1496,3788
1497,3121
1498,3006
1499,3008
1500,3004
1501,3006
1502,3000
1503,3181
1504,3122
1505,3006
1506,3006
1507,3192
1508,3116
1509,3152
1510,3108
1511,3138
1512,3168
1513,3065
1514,3052
1515,3182
1516,3008
1517,3182
1518,3141
1519,3000
1520,3051
1521,3181
1522,3168
1523,3064
1524,3182
1525,3182
1526,3000
1527,3051
1528,3141
1529,3130
1530,3000
1531,3006
1532,3066
1533,3000
1534,3068
1535,3141
1536,3138
1537,3121
1538,3121
1539,3775
1540,3188
1541,3128
1542,3006
1543,3008
1544,3182
1545,3065
1546,3065
1547,3030
1548,3006
1549,3000
1550,3000
1551,3000
1552,3000
1553,3051
1554,3000
1555,3002
1556,3051
1557,3205
1558,3004
1559,3141
1560,3124
1561,3006
1562,3018
1563,3182
1564,3141
1565,3008
1566,3199
1567,3775
1568,3006
1569,3079
1570,3184
1571,3000
1572,3788
1573,3051
1574,3141
1575,3000
1576,3070
1577,3013
1578,3165
1579,3053
1580,3142
1581,3058
1582,3000
1583,3008
1584,3056
1585,3338
1586,3056
1587,3006
1588,3032
1589,3030
1590,3141
1591,3000
1592,3024
1593,3108
1594,3079
1595,3155
1596,3051
1597,3004
1598,3163
1599,3128
1600,3000
1601,3004
1602,3182
1603,3197
1604,3006
1605,3000
1606,3198
1607,3000
1608,3057
1609,3065
1610,3000
1611,3142
1612,3066
1613,3141
1614,3079
1615,3150
1616,3008
1617,3184
1618,3053
1619,3067
1620,3051
1621,3128
1622,3121
1623,3000
1624,3006
1625,3065
1626,3078
1627,3000
1628,3004
1629,3141
1630,3000
1631,3173
1632,3000
1633,3051
1634,3141
1635,3004
1636,3054
1637,3008
1638,3000
1639,3199
1640,3781
1641,3204
1642,3006
1643,3008
1644,3788
1645,3173
1646,3168
1647,3003
1648,3000
1649,3003
1650,3777
1651,3141
1652,3004
1653,3000
1654,3777
1655,3067
1656,3184
1657,3008
1658,3182
1659,3767
1660,3071
1661,3039
1662,3000
1663,3185
1664,3065
1665,3181
1666,3073
1667,3186
1668,3081
1669,3008
1670,3129
1671,3058
1672,3053
1673,3000
1674,3066
1675,3056
1676,3114
1677,3109
1678,3977
1679,3075
1680,3008
1681,3128
1682,3006
1683,3042
1684,3182
1685,3141
1686,3182
1687,3064
1688,3055
1689,3166
1690,3196
1691,3206
1692,3122
1693,3207
1694,3004
1695,3030
1696,3000
1697,3065
1698,3073
1699,3207
1700,3205
1701,3071
1702,3073
1703,3071
1704,3000
1705,3008
1706,3101
1707,3081
1708,3128
1709,3053
1710,3030
1711,3000
1712,3161
1713,3150
1714,3065
1715,3150
1716,3006
1717,3188
1718,3004
1719,3182
1720,3067
1721,3004
1722,3205
1723,3128
1724,3053
1725,3183
1726,3000
1727,3184
1728,3145
1729,3000
1730,3141
1731,3182
1732,3011
1733,3008
1734,3196
1735,3207
1736,3000
1737,3000
1738,3003
1739,3006
1740,3000
1741,3055
1742,3066
1743,3000
1744,3011
1745,3071
1746,3000
1747,3008
1748,3198
1749,3129
1750,3004
1751,3124
1752,3053
1753,3000
1754,3128
1755,3004
1756,3008
1757,3168
1758,3072
1759,3006
1760,3121
1761,3073
1762,3004
1763,3051
1764,3161
1765,3182
1766,3141
1767,3132
1768,3056
1769,3008
1770,3056
1771,3056
1772,3000
1773,3000
1774,3051
1775,3121
1776,3149
1777,3149
1778,3031
1779,3147
1780,3129
1781,3127
1782,3068
1783,3051
1784,3051
1785,3173
1786,3006
1787,3187
1788,3000
1789,3000
1790,3056
1791,3046
1792,3141
1793,3006
1794,3000
1795,3113
1796,3205
1797,3000
1798,3141
1799,3138
1800,3182
1801,3182
1802,3182
1803,3144
1804,3067
1805,3183
1806,3006
1807,3004
1808,3065
1809,3000
1810,3181
1811,3182
1812,3184
1813,3191
1814,3146
1815,3161
1816,3183
1817,3071
1818,3066
1819,3123
1820,3101
1821,3029
1822,3065
1823,3008
1824,3013
1825,3006
1826,3000
1827,3000
1828,3000
1829,3013
1830,3183
1831,3029
1832,3030
1833,3184
1834,3006
1835,3182
1836,3004
1837,3065
1838,3008
1839,3150
1840,3141
1841,3128
1842,3181
1843,3777
1844,3184
1845,3008
1846,3006
1847,3000
1848,3145
1849,3977
1850,3805
1851,3000
1852,3182
1853,3182
1854,3068
1855,3006
1856,3000
1857,3070
1858,3000
1859,3000
1860,3777
1861,3053
1862,3071
1863,3051
1864,3000
1865,3058
1866,3168
1867,3068
1868,3205
1869,3000
1870,3004
1871,3068
1872,3182
1873,3163
1874,3065
1875,3004
1876,3054
1877,3004
1878,3000
1879,3205
1880,3044
1881,3083
1882,3775
1883,3770
1884,3787
1885,3183
1886,3141
1887,3189
1888,3183
1889,3182
1890,3182
1891,3054
1892,3183
1893,3127
1894,3132
1895,3186
1896,3000
1897,3006
1898,3182
1899,3056
1900,3142
1901,3008
1902,3121
1903,3065
1904,3163
1905,3148
1906,3000
1907,3192
1908,3054
1909,3011
1910,3058
1911,3006
1912,3000
1913,3000
1914,3006
1915,3182
1916,3184
1917,3174
1918,3788
1919,3032
1920,3205
1921,3000
1922,3184
1923,3006
1924,3122
1925,3000
1926,3065
1927,3103
1928,3799
1929,3004
1930,3097
1931,3183
1932,3162
1933,3008
1934,3000
1935,3000
1936,3070
1937,3000
1938,3008
1939,3006
1940,3104
1941,3008
1942,3000
1943,3068
1944,3182
1945,3013
1946,3181
1947,3150
1948,3184
1949,3182
1950,3065
1951,3113
1952,3141
1953,3000
1954,3006
1955,3182
1956,3187
1957,3128
1958,3051
1959,3008
1960,3123
1961,3004
1962,3182
1963,3053
1964,3128
1965,3008
1966,3000
1967,3162
1968,3004
1969,3030
1970,3121
1971,3132
1972,3006
1973,3806
1974,3000
1975,3123
1976,3068
1977,3056
1978,3168
1979,3143
1980,3141
1981,3000
1982,3103
1983,3056
1984,3053
1985,3006
1986,3000
1987,3183
1988,3008
1989,3065
1990,3070
1991,3136
1992,3206
1993,3782
1994,3002
1995,3183
1996,3125
1997,3054
1998,3145
1999,3182
2000,3053
2001,3171
2002,3142
2003,3187
2004,3000
2005,3065
2006,3000
2007,3183
2008,3006
2009,3004
2010,3003
2011,3051
2012,3178
2013,3000
2014,3124
2015,3006
2016,3161
2017,3205
2018,3000
2019,3000
2020,3000
2021,3053
2022,3006
2023,3184
2024,3975
2025,3173
2026,3127
2027,3142
2028,3156
2029,3067
2030,3121
2031,3008
2032,3000
2033,3181
2034,3127
2035,3181
2036,3002
2037,3161
2038,3162
2039,3000
2040,3056
2041,3775
2042,3044
2043,3053
2044,3191
2045,3775
2046,3139
2047,3141
2048,3070
2049,3043
2050,3975
2051,3000
2052,3065
2053,3136
2054,3148
2055,3182
2056,3040
2057,3006
2058,3056
2059,3000
2060,3006
2061,3429
2062,3141
2063,3000
2064,3145
2065,3193
2066,3056
2067,3000
2068,3032
2069,3008
2070,3122
2071,3006
2072,3000
2073,3006
2074,3067
2075,3184
2076,3121
2077,3183
2078,3142
2079,3008
2080,3072
2081,3000
2082,3122
2083,3777
2084,3008
2085,3150
2086,3053
2087,3051
2088,3000
2089,3003
2090,3182
2091,3130
2092,3000
2093,3000
2094,3072
2095,3141
2096,3065
2097,3105
2098,3139
2099,3121
2100,3182
2101,3003
2102,3206
2103,3056
2104,3083
2105,3000
2106,3068
2107,3070
2108,3056
2109,3079
2110,3004
2111,3065
2112,3066
2113,3006
2114,3006
2115,3188
2116,3056
2117,3013
2118,3000
2119,3011
2120,3028
2121,3182
2122,3141
2123,3000
2124,3006
2125,3065
2126,3792
2127,3011
2128,3181
2129,3066
2130,3000
2131,3163
2132,3207
2133,3068
2134,3141
2135,3031
2136,3174
2137,3205
2138,3182
2139,3006
2140,3182
2141,3052
2142,3072
2143,3205
2144,3000
2145,3152
2146,3000
2147,3125
2148,3004
2149,3137
2150,3004
2151,3000
2152,3125
2153,3000
2154,3193
2155,3171
2156,3000
2157,3141
2158,3000
2159,3108
2160,3165
2161,3182
2162,3128
2163,3196
2164,3011
2165,3000
2166,3000
2167,3027
2168,3150
2169,3181
2170,3056
2171,3003
2172,3204
2173,3000
2174,3004
2175,3068
2176,3910
2177,3128
2178,3006
2179,3782
2180,3000
2181,3049
2182,3051
2183,3008
2184,3006
2185,3123
2186,3066
2187,3141
2188,3066
2189,3003
2190,3000
2191,3056
2192,3078
2193,3141
2194,3141
2195,3181
2196,3000
2197,3181
2198,3000
2199,3182
2200,3181
2201,3156
2202,3070
2203,3182
2204,3072
2205,3113
2206,3070
2207,3055
2208,3181
2209,3181
2210,3121
2211,3053
2212,3153
2213,3777
2214,3113
2215,3184
2216,3184
2217,3141
2218,3186
2219,3053
2220,3008
2221,3178
2222,3006
2223,3051
2224,3182
2225,3141
2226,3006
2227,3000
2228,3182
2229,3205
2230,3072
2231,3000
2232,3000
2233,3000
2234,3053
2235,3000
2236,3142
2237,3185
2238,3163
2239,3141
2240,3067
2241,3182
2242,3006
2243,3000
2244,3180
2245,3002
2246,3004
2247,3031
2248,3068
2249,3066
2250,3911
2251,3066
2252,3006
2253,3000
2254,3097
2255,3056
2256,3128
2257,3121
2258,3006
2259,3065
2260,3002
2261,3205
2262,3192
2263,3008
2264,3053
2265,3000
2266,3182
2267,3011
2268,3000
2269,3008
2270,3187
2271,3187
2272,3141
2273,3055
2274,3081
2275,3066
2276,3207
2277,3150
2278,3072
2279,3051
2280,3181
2281,3002
2282,3182
2283,3065
2284,3151
2285,3182
2286,3182
2287,3797
2288,3777
2289,3160
2290,3008
2291,3182
2292,3013
2293,3000
2294,3182
2295,3145
2296,3008
2297,3140
2298,3000
2299,3186
2300,3006
2301,3205
2302,3078
2303,3037
2304,3205
2305,3144
2306,3053
2307,3150
2308,3206
2309,3000
2310,3207
2311,3000
2312,3004
2313,3006
2314,3004
2315,3012
2316,3207
2317,3141
2318,3058
2319,3068
2320,3182
2321,3006
2322,3150
2323,3008
2324,3128
2325,3181
2326,3056
2327,3977
2328,3068
2329,3006
2330,3770
2331,3182
2332,3103
2333,3190
2334,3064
2335,3166
2336,3187
2337,3066
2338,3205
2339,3195
2340,3016
2341,3053
2342,3181
2343,3000
2344,3008
2345,3006
2346,3166
2347,3788
2348,3012
2349,3163
2350,3000
2351,3000
2352,3145
2353,3104
2354,3109
2355,3182
2356,3000
2357,3006
2358,3068
2359,3056
2360,3788
2361,3053
2362,3000
2363,3006
2364,3121
2365,3068
2366,3183
2367,3078
2368,3121
2369,3000
2370,3008
2371,3065
2372,3121
2373,3067
2374,3004
2375,3182
2376,3184
2377,3065
2378,3000
2379,3052
2380,3197
2381,3065
2382,3803
2383,3000
2384,3160
2385,3006
2386,3000
2387,3000
2388,3141
2389,3166
2390,3000
2391,3031
2392,3181
2393,3182
2394,3047
2395,3145
2396,3006
2397,3051
2398,3000
2399,3172
2400,3182
2401,3046
2402,3008
2403,3004
2404,3141
2405,3427
2406,3108
2407,3004
2408,3775
2409,3051
2410,3179
2411,3182
2412,3015
2413,3184
2414,3058
2415,3068
2416,3085
2417,3777
2418,3128
2419,3777
2420,3000
2421,3206
2422,3004
2423,3000
2424,3002
2425,3000
2426,3170
2427,3192
2428,3122
2429,3150
2430,3053
2431,3008
2432,3032
2433,3053
2434,3016
2435,3115
2436,3182
2437,3182
2438,3008
2439,3788
2440,3052
2441,3184
2442,3143
2443,3810
2444,3152
2445,3149
2446,3008
2447,3066
2448,3006
2449,3145
2450,3182
2451,3108
2452,3141
2453,3182
2454,3054
2455,3051
2456,3029
2457,3182
2458,3008
2459,3183
2460,3051
2461,3000
2462,3004
2463,3065
2464,3071
2465,3065
2466,3041
2467,3104
2468,3056
2469,3205
2470,3182
2471,3121
2472,3008
2473,3006
2474,3000
2475,3053
2476,3141
2477,3067
2478,3000
2479,3053
2480,3121
2481,3000
2482,3175
2483,3003
2484,3207
2485,3004
2486,3182
2487,3000
2488,3182
2489,3121
2490,3082
2491,3000
2492,3205
2493,3192
2494,3192
2495,3015
2496,3163
2497,3134
2498,3004
2499,3070
2500,3142
2501,3003
2502,3121
2503,3121
2504,3122
2505,3078
2506,3182
2507,3207
2508,3066
2509,3072
2510,3182
2511,3184
2512,3097
2513,3000
2514,3006
2515,3182
2516,3068
2517,3154
2518,3178
2519,3182
2520,3183
2521,3003
2522,3065
2523,3000
2524,3043
2525,3057
2526,3162
2527,3145
2528,3113
2529,3141
2530,3004
2531,3161
2532,3000
2533,3121
2534,3148
2535,3006
2536,3072
2537,3000
2538,3002
2539,3006
2540,3065
2541,3141
2542,3006
2543,3185
2544,3011
2545,3146
2546,3000
2547,3021
2548,3202
2549,3003
2550,3011
2551,3065
2552,3168
2553,3128
2554,3125
2555,3003
2556,3000
2557,3004
2558,3030
2559,3000
2560,3000
2561,3141
2562,3123
2563,3006
2564,3782
2565,3977
2566,3182
2567,3070
2568,3977
2569,3053
2570,3004
2571,3051
2572,3000
2573,3151
2574,3057
2575,3006
2576,3073
2577,3004
2578,3207
2579,3182
2580,3205
2581,3206
2582,3008
2583,3008
2584,3182
2585,3006
2586,3008
2587,3043
2588,3206
2589,3121
2590,3113
2591,3000
2592,3181
2593,3006
2594,3006
2595,3000
2596,3004
2597,3182
2598,3185
2599,3008
2600,3029
2601,3053
2602,3004
2603,3011
2604,3004
2605,3161
2606,3008
2607,3184
2608,3122
2609,3081
2610,3000
2611,3000
2612,3184
2613,3167
2614,3797
2615,3129
2616,3182
2617,3141
2618,3066
2619,3182
2620,3032
2621,3757
2622,3190
2623,3000
2624,3002
2625,3054
2626,3004
2627,3129
2628,3184
2629,3000
2630,3775
2631,3000
2632,3000
2633,3004
2634,3051
2635,3053
2636,3004
2637,3766
2638,3797
2639,3105
2640,3004
2641,3183
2642,3029
2643,3021
2644,3335
2645,3000
2646,3207
2647,3016
2648,3910
2649,3182
2650,3013
2651,3205
2652,3182
2653,3806
2654,3056
2655,3065
2656,3141
2657,3006
2658,3006
2659,3128
2660,3184
2661,3004
2662,3000
2663,3028
2664,3122
2665,3006
2666,3184
2667,3068
2668,3072
2669,3004
2670,3141
2671,3054
2672,3075
2673,3056
2674,3006
2675,3006
2676,3067
2677,3181
2678,3065
2679,3031
2680,3000
2681,3030
2682,3127
2683,3182
2684,3051
2685,3000
2686,3004
2687,3006
2688,3051
2689,3187
2690,3002
2691,3184
2692,3051
2693,3122
2694,3006
2695,3006
2696,3065
2697,3004
2698,3163
2699,3788
2700,3011
2701,3066
2702,3070
2703,3173
2704,3006
2705,3000
2706,3182
2707,3121
2708,3000
2709,3012
2710,3141
2711,3781
2712,3004
2713,3205
2714,3000
2715,3072
2716,3182
2717,3004
2718,3184
2719,3066
2720,3181
2721,3000
2722,3163
2723,3128
2724,3000
2725,3141
2726,3065
2727,3067
2728,3205
2729,3093
2730,3053
2731,3000
2732,3003
2733,3067
2734,3053
2735,3006
2736,3000
2737,3000
2738,3004
2739,3070
2740,3000
2741,3031
2742,3782
2743,3103
2744,3000
2745,3000
2746,3053
2747,3008
2748,3000
2749,3056
2750,3087
2751,3008
2752,3065
2753,3056
2754,3205
2755,3065
2756,3000
2757,3065
2758,3182
2759,3070
2760,3000
2761,3128
2762,3199
2763,3006
2764,3788
2765,3161
2766,3053
2767,3004
2768,3003
2769,3011
2770,3065
2771,3141
2772,3008
2773,3141
2774,3788
2775,3008
2776,3031
2777,3134
2778,3770
2779,3023
2780,3053
2781,3000
2782,3810
2783,3055
2784,3008
2785,3008
2786,3046
2787,3186
2788,3008
2789,3052
2790,3008
2791,3072
2792,3000
2793,3128
2794,3182
2795,3337
2796,3032
2797,3008
2798,3183
2799,3030
2800,3122
2801,3006
2802,3032
2803,3777
2804,3129
2805,3032
2806,3000
2807,3031
2808,3006
2809,3143
2810,3141
2811,3012
2812,3028
2813,3172
2814,3066
2815,3128
2816,3030
2817,3184
2818,3128
2819,3150
2820,3122
2821,3002
2822,3121
2823,3068
2824,3004
2825,3185
2826,3072
2827,3141
2828,3161
2829,3000
2830,3000
2831,3184
2832,3128
2833,3057
2834,3078
2835,3058
2836,3056
2837,3122
2838,3058
2839,3183
2840,3000
2841,3145
2842,3053
2843,3182
2844,3122
2845,3138
2846,3155
2847,3000
2848,3008
2849,3183
2850,3128
2851,3791
2852,3134
2853,3000
2854,3058
2855,3163
2856,3777
2857,3004
2858,3161
2859,3207
2860,3182
2861,3006
2862,3000
2863,3000
2864,3006
2865,3141
2866,3121
2867,3006
2868,3040
2869,3004
2870,3163
2871,3207
2872,3182
2873,3002
2874,3065
2875,3000
2876,3000
2877,3806
2878,3141
2879,3051
2880,3078
2881,3187
2882,3066
2883,3030
2884,3131
2885,3182
2886,3182
2887,3121
2888,3000
2889,3000
2890,3003
2891,3000
2892,3141
2893,3178
2894,3141
2895,3006
2896,3000
2897,3787
2898,3121
2899,3806
2900,3030
2901,3207
2902,3000
2903,3184
2904,3004
2905,3008
2906,3000
2907,3777
2908,3054
2909,3000
2910,3182
2911,3206
2912,3182
2913,3182
2914,3029
2915,3178
2916,3196
2917,3000
2918,3006
2919,3006
2920,3207
2921,3182
2922,3078
2923,3028
2924,3000
2925,3066
2926,3057
2927,3058
2928,3000
2929,3184
2930,3161
2931,3000
2932,3070
2933,3127
2934,3122
2935,3004
2936,3006
2937,3000
2938,3013
2939,3006
2940,3006
2941,3000
2942,3200
2943,3065
2944,3182
2945,3121
2946,3767
2947,3006
2948,3141
2949,3132
2950,3066
2951,3199
2952,3182
2953,3008
2954,3182
2955,3003
2956,3006
2957,3008
2958,3141
2959,3008
2960,3056
2961,3121
2962,3000
2963,3000
2964,3141
2965,3011
2966,3031
2967,3151
2968,3205
2969,3004
2970,3188
2971,3000
2972,3006
2973,3000
2974,3185
2975,3032
2976,3067
2977,3006
2978,3006
2979,3184
2980,3777
2981,3000
2982,3799
2983,3165
2984,3108
2985,3006
2986,3000
2987,3066
2988,3008
2989,3004
2990,3030
2991,3158
2992,3000
2993,3000
2994,3000
2995,3173
2996,3205
2997,3185
2998,3777
2999,3031
3000,3053
3001,3004
3002,3030
3003,3000
3004,3777
3005,3070
3006,3109
3007,3786
3008,3072
3009,3141
3010,3000
3011,3066
3012,3121
3013,3000
3014,3053
3015,3141
3016,3182
3017,3008
3018,3760
3019,3182
3020,3000
3021,3000
3022,3044
3023,3006
3024,3205
3025,3147
3026,3006
3027,3000
3028,3024
3029,3150
3030,3011
3031,3000
3032,3003
3033,3056
3034,3159
3035,3181
3036,3056
3037,3182
3038,3000
3039,3032
3040,3186
3041,3006
3042,3181
3043,3184
3044,3043
3045,3182
3046,3000
3047,3015
3048,3094
3049,3182
3050,3793
3051,3000
3052,3030
3053,3130
3054,3008
3055,3000
3056,3056
3057,3067
3058,3121
3059,3003
3060,3071
3061,3121
3062,3006
3063,3165
3064,3129
3065,3051
3066,3184
3067,3000
3068,3121
3069,3141
3070,3121
3071,3031
3072,3184
3073,3191
3074,3004
3075,3065
3076,3003
3077,3128
3078,3070
3079,3182
3080,3160
3081,3121
3082,3004
3083,3161
3084,3205
3085,3056
3086,3141
3087,3049
3088,3032
3089,3023
3090,3168
3091,3006
3092,3006
3093,3004
3094,3065
3095,3067
3096,3000
3097,3146
3098,3197
3099,3078
3100,3782
3101,3000
3102,3186
3103,3000
3104,3205
3105,3337
3106,3182
3107,3013
3108,3058
3109,3068
3110,3782
3111,3163
3112,3000
3113,3053
3114,3000
3115,3182
3116,3161
3117,3182
3118,3182
3119,3011
3120,3152
3121,3008
3122,3058
3123,3182
3124,3121
3125,3787
3126,3181
3127,3145
3128,3000
3129,3068
3130,3049
3131,3011
3132,3073
3133,3071
3134,3006
3135,3777
3136,3156
3137,3196
3138,3121
3139,3000
3140,3182
3141,3003
3142,3151
3143,3143
3144,3789
3145,3182
3146,3000
3147,3006
3148,3000
3149,3056
3150,3004
3151,3031
3152,3145
3153,3006
3154,3128
3155,3150
3156,3141
3157,3121
3158,3008
3159,3121
3160,3149
3161,3428
3162,3016
3163,3002
3164,3000
3165,3184
3166,3065
3167,3182
3168,3181
3169,3016
3170,3066
3171,3008
3172,3000
3173,3150
3174,3008
3175,3000
3176,3182
3177,3004
3178,3000
3179,3000
3180,3031
3181,3181
3182,3182
3183,3799
3184,3108
3185,3186
3186,3000
3187,3029
3188,3150
3189,3000
3190,3142
3191,3071
3192,3000
3193,3008
3194,3000
3195,3161
3196,3073
3197,3053
3198,3121
3199,3051
3200,3006
3201,3130
3202,3053
3203,3051
3204,3065
3205,3128
3206,3000
3207,3103
3208,3006
3209,3782
3210,3068
3211,3141
3212,3000
3213,3051
3214,3102
3215,3029
3216,3068
3217,3003
3218,3056
3219,3141
3220,3065
3221,3006
3222,3003
3223,3004
3224,3121
3225,3121
3226,3766
3227,3083
3228,3004
3229,3128
3230,3066
3231,3205
3232,3016
3233,3006
3234,3194
3235,3000
3236,3066
3237,3000
3238,3142
3239,3141
3240,3141
3241,3006
3242,3058
3243,3150
3244,3006
3245,3011
3246,3775
3247,3053
3248,3183
3249,3006
3250,3037
3251,3126
3252,3082
3253,3000
3254,3207
3255,3000
3256,3150
3257,3000
3258,3000
3259,3054
3260,3171
3261,3004
3262,3194
3263,3184
3264,3072
3265,3011
3266,3057
3267,3044
3268,3106
3269,3008
3270,3169
3271,3182
3272,3002
3273,3192
3274,3067
3275,3056
3276,3070
3277,3058
3278,3141
3279,3071
3280,3182
3281,3006
3282,3056
3283,3031
3284,3075
3285,3205
3286,3004
3287,3040
3288,3043
3289,3000
3290,3000
3291,3008
3292,3150
3293,3799
3294,3186
3295,3174
3296,3182
3297,3141
3298,3065
3299,3182
3300,3766
3301,3121
3302,3000
3303,3000
3304,3006
3305,3182
3306,3184
3307,3004
3308,3052
3309,3145
3310,3141
3311,3067
3312,3029
3313,3124
3314,3053
3315,3031
3316,3000
3317,3078
3318,3130
3319,3777
3320,3108
3321,3058
3322,3006
3323,3156
3324,3003
3325,3429
3326,3182
3327,3008
3328,3000
3329,3031
3330,3037
3331,3004
3332,3108
3333,3004
3334,3777
3335,3006
3336,3004
3337,3053
3338,3068
3339,3183
3340,3006
3341,3777
3342,3068
3343,3008
3344,3142
3345,3008
3346,3056
3347,3182
3348,3065
3349,3162
3350,3004
3351,3140
3352,3008
3353,3000
3354,3185
3355,3181
3356,3051
3357,3182
3358,3000
3359,3121
3360,3006
3361,3006
3362,3011
3363,3182
3364,3122
3365,3000
3366,3000
3367,3101
3368,3004
3369,3128
3370,3205
3371,3184
3372,3008
3373,3127
3374,3004
3375,3003
3376,3003
3377,3072
3378,3067
3379,3024
3380,3182
3381,3058
3382,3004
3383,3068
3384,3183
3385,3109
3386,3004
3387,3000
3388,3182
3389,3182
3390,3141
3391,3000
3392,3141
3393,3006
3394,3000
3395,3002
3396,3186
3397,3141
3398,3185
3399,3128
3400,3123
3401,3338
3402,3004
3403,3141
3404,3204
3405,3126
3406,3144
3407,3782
3408,3000
3409,3168
3410,3000
3411,3805
3412,3777
3413,3021
3414,3144
3415,3000
3416,3128
3417,3000
3418,3206
3419,3101
3420,3030
3421,3128
3422,3777
3423,3121
3424,3000
3425,3067
3426,3101
3427,3008
3428,3205
3429,3072
3430,3121
3431,3150
3432,3057
3433,3198
3434,3183
3435,3006
3436,3198
3437,3182
3438,3182
3439,3182
3440,3000
3441,3015
3442,3008
3443,3000
3444,3182
3445,3156
3446,3000
3447,3004
3448,3040
3449,3178
3450,3000
3451,3000
3452,3182
3453,3099
3454,3006
3455,3182
3456,3006
3457,3787
3458,3051
3459,3013
3460,3108
3461,3142
3462,3000
3463,3184
3464,3051
3465,3184
3466,3015
3467,3182
3468,3008
3469,3121
3470,3000
3471,3141
3472,3011
3473,3053
3474,3044
3475,3002
3476,3004
3477,3000
3478,3206
3479,3151
3480,3173
3481,3040
3482,3056
3483,3006
3484,3067
3485,3004
3486,3031
3487,3000
3488,3204
3489,3000
3490,3003
3491,3003
3492,3181
3493,3012
3494,3193
3495,3000
3496,3186
3497,3006
3498,3000
3499,3053
3500,3008
3501,3182
3502,3199
3503,3006
3504,3000
3505,3183
3506,3121
3507,3033
3508,3793
3509,3008
3510,3093
3511,3121
3512,3141
3513,3006
3514,3000
3515,3184
3516,3067
3517,3006
3518,3006
3519,3205
3520,3068
3521,3067
3522,3043
3523,3182
3524,3124
3525,3191
3526,3083
3527,3799
3528,3040
3529,3068
3530,3000
3531,3006
3532,3016
3533,3057
3534,3121
3535,3207
3536,3145
3537,3004
3538,3782
3539,3182
3540,3070
3541,3004
3542,3052
3543,3182
3544,3000
3545,3338
3546,3122
3547,3078
3548,3006
3549,3011
3550,3065
3551,3057
3552,3787
3553,3006
3554,3183
3555,3106
3556,3056
3557,3002
3558,3008
3559,3037
3560,3046
3561,3121
3562,3004
3563,3128
3564,3121
3565,3000
3566,3149
3567,3002
3568,3767
3569,3000
3570,3182
3571,3777
3572,3181
3573,3000
3574,3000
3575,3205
3576,3141
3577,3004
3578,3004
3579,3000
3580,3002
3581,3000
3582,3148
3583,3121
3584,3006
3585,3000
3586,3004
3587,3205
3588,3205
3589,3000
3590,3065
3591,3175
3592,3008
3593,3054
3594,3000
3595,3000
3596,3141
3597,3183
3598,3070
3599,3182
3600,3175
3601,3182
3602,3121
3603,3141
3604,3065
3605,3011
3606,3182
3607,3056
3608,3066
3609,3199
3610,3078
3611,3002
3612,3125
3613,3205
3614,3057
3615,3182
3616,3752
3617,3011
3618,3070
3619,3056
3620,3180
3621,3066
3622,3207
3623,3060
3624,3000
3625,3023
3626,3060
3627,3206
3628,3000
3629,3011
3630,3150
3631,3031
3632,3162
3633,3011
3634,3006
3635,3151
3636,3027
3637,3067
3638,3124
3639,3109
3640,3182
3641,3000
3642,3143
3643,3060
3644,3186
3645,3805
3646,3068
3647,3011
3648,3056
3649,3000
3650,3150
3651,3003
3652,3000
3653,3004
3654,3000
3655,3000
3656,3084
3657,3205
3658,3083
3659,3011
3660,3000
3661,3108
3662,3131
3663,3000
3664,3149
3665,3000
3666,3182
3667,3008
3668,3121
3669,3131
3670,3000
3671,3141
3672,3799
3673,3032
3674,3008
3675,3008
3676,3181
3677,3754
3678,3161
3679,3192
3680,3000
3681,3155
3682,3070
3683,3006
3684,3004
3685,3182
3686,3000
3687,3205
3688,3000
3689,3066
3690,3065
3691,3006
3692,3006
3693,3004
3694,3182
3695,3103
3696,3196
3697,3031
3698,3182
3699,3068
3700,3205
3701,3178
3702,3183
3703,3205
3704,3066
3705,3182
3706,3121
3707,3184
3708,3141
3709,3066
3710,3000
3711,3775
3712,3168
3713,3205
3714,3065
3715,3006
3716,3049
3717,3070
3718,3141
3719,3055
3720,3004
3721,3153
3722,3008
3723,3004
3724,3052
3725,3141
3726,3134
3727,3008
3728,3000
3729,3004
3730,3000
3731,3006
3732,3051
3733,3000
3734,3127
3735,3182
3736,3065
3737,3004
3738,3108
3739,3004
3740,3053
3741,3161
3742,3065
3743,3121
3744,3051
3745,3000
3746,3141
3747,3000
3748,3053
3749,3182
3750,3792
3751,3141
3752,3183
3753,3006
3754,3008
3755,3008
3756,3000
3757,3054
3758,3146
3759,3181
3760,3000
3761,3008
3762,3054
3763,3013
3764,3104
3765,3068
3766,3145
3767,3065
3768,3000
3769,3079
3770,3181
3771,3055
3772,3053
3773,3770
3774,3006
3775,3006
3776,3777
3777,3002
3778,3046
3779,3141
3780,3058
3781,3181
3782,3053
3783,3006
3784,3004
3785,3161
3786,3066
3787,3182
3788,3068
3789,3099
3790,3182
3791,3174
3792,3181
3793,3004
3794,3788
3795,3053
3796,3004
3797,3192
3798,3021
3799,3057
3800,3196
3801,3000
3802,3163
3803,3181
3804,3004
3805,3000
3806,3149
3807,3004
3808,3000
3809,3072
3810,3121
3811,3206
3812,3068
3813,3181
3814,3000
3815,3141
3816,3777
3817,3000
3818,3040
3819,3108
3820,3207
3821,3053
3822,3065
3823,3072
3824,3000
3825,3000
3826,3071
3827,3044
3828,3115
3829,3777
3830,3125
3831,3130
3832,3003
3833,3182
3834,3799
3835,3205
3836,3777
3837,3008
3838,3048
3839,3097
3840,3097
3841,3008
3842,3004
3843,3006
3844,3070
3845,3000
3846,3206
3847,3198
3848,3088
3849,3056
3850,3141
3851,3000
3852,3122
3853,3003
3854,3002
3855,3032
3856,3152
3857,3006
3858,3182
3859,3065
3860,3000
3861,3181
3862,3011
3863,3052
3864,3781
3865,3128
3866,3006
3867,3008
3868,3207
3869,3066
3870,3032
3871,3121
3872,3006
3873,3183
3874,3000
3875,3141
3876,3123
3877,3000
3878,3000
3879,3182
3880,3028
3881,3130
3882,3161
3883,3181
3884,3141
3885,3006
3886,3185
3887,3106
3888,3123
3889,3141
3890,3067
3891,3185
3892,3122
3893,3182
3894,3141
3895,3103
3896,3799
3897,3084
3898,3008
3899,3008
3900,3004
3901,3056
3902,3124
3903,3000
3904,3008
3905,3141
3906,3006
3907,3910
3908,3000
3909,3183
3910,3078
3911,3067
3912,3051
3913,3071
3914,3000
3915,3006
3916,3011
3917,3011
3918,3754
3919,3101
3920,3006
3921,3182
3922,3131
3923,3000
3924,3006
3925,3000
3926,3066
3927,3122
3928,3024
3929,3067
3930,3000
3931,3147
3932,3185
3933,3143
3934,3182
3935,3121
3936,3004
3937,3198
3938,3000
3939,3000
3940,3980
3941,3191
3942,3000
3943,3805
3944,3000
3945,3128
3946,3000
3947,3006
3948,3046
3949,3182
3950,3003
3951,3066
3952,3205
3953,3184
3954,3182
3955,3043
3956,3067
3957,3121
3958,3196
3959,3000
3960,3066
3961,3181
3962,3000
3963,3000
3964,3004
3965,3189
3966,3028
3967,3006
3968,3198
3969,3008
3970,3787
3971,3000
3972,3142
3973,3000
3974,3067
3975,3000
3976,3070
3977,3000
3978,3184
3979,3181
3980,3000
3981,3004
3982,3002
3983,3121
3984,3004
3985,3081
3986,3054
3987,3079
3988,3056
3989,3006
3990,3053
3991,3166
3992,3073
3993,3004
3994,3065
3995,3065
3996,3168
3997,3183
3998,3145
3999,3121
4000,3205
4001,3002
4002,3032
4003,3015
4004,3184
4005,3128
4006,3053
4007,3036
4008,3000
4009,3182
4010,3109
4011,3071
4012,3188
4013,3141
4014,3006
4015,3057
4016,3053
4017,3182
4018,3023
4019,3006
4020,3070
4021,3136
4022,3000
4023,3000
4024,3053
4025,3070
4026,3128
4027,3206
4028,3053
4029,3006
4030,3122
4031,3175
4032,3141
4033,3152
4034,3133
4035,3097
4036,3003
4037,3051
4038,3777
4039,3142
4040,3067
4041,3121
4042,3124
4043,3085
4044,3789
4045,3000
4046,3004
4047,3183
4048,3000
4049,3053
4050,3006
4051,3182
4052,3184
4053,3777
4054,3004
4055,3030
4056,3006
4057,3051
4058,3141
4059,3198
4060,3188
4061,3791
4062,3004
4063,3124
4064,3002
4065,3170
4066,3012
4067,3003
4068,3144
4069,3182
4070,3188
4071,3006
4072,3000
4073,3000
4074,3199
4075,3013
4076,3006
4077,3183
4078,3006
4079,3181
4080,3068
4081,3205
4082,3030
4083,3148
4084,3032
4085,3054
4086,3199
4087,3113
4088,3121
4089,3185
4090,3053
4091,3104
4092,3008
4093,3066
4094,3003
4095,3046
4096,3767
4097,3121
4098,3000
4099,3008
4100,3184
4101,3032
4102,3000
4103,3149
4104,3150
4105,3181
4106,3782
4107,3184
4108,3051
4109,3058
4110,3008
4111,3000
4112,3141
4113,3182
4114,3070
4115,3777
4116,3182
4117,3000
4118,3121
4119,3141
4120,3008
4121,3122
4122,3029
4123,3106
4124,3000
4125,3000
4126,3000
4127,3000
4128,3000
4129,3073
4130,3056
4131,3121
4132,3000
4133,3136
4134,3000
4135,3122
4136,3182
4137,3186
4138,3044
4139,3057
4140,3040
4141,3032
4142,3198
4143,3777
4144,3042
4145,3181
4146,3000
4147,3008
4148,3184
4149,3031
4150,3071
4151,3084
4152,3053
4153,3195
4154,3000
4155,3000
4156,3168
4157,3006
4158,3135
4159,3056
4160,3068
4161,3000
4162,3011
4163,3182
4164,3006
4165,3183
4166,3161
4167,3146
4168,3141
4169,3000
4170,3051
4171,3008
4172,3044
4173,3023
4174,3000
4175,3006
4176,3121
4177,3141
4178,3065
4179,3134
4180,3155
4181,3205
4182,3043
4183,3143
4184,3008
4185,3063
4186,3006
4187,3053
4188,3000
4189,3165
4190,3006
4191,3427
4192,3006
4193,3337
4194,3029
4195,3150
4196,3184
4197,3006
4198,3128
4199,3039
4200,3008
4201,3145
4202,3006
4203,3785
4204,3000
4205,3008
4206,3186
4207,3787
4208,3184
4209,3141
4210,3002
4211,3011
4212,3004
4213,3182
4214,3799
4215,3101
4216,3070
4217,3011
4218,3124
4219,3182
4220,3121
4221,3008
4222,3006
4223,3004
4224,3000
4225,3059
4226,3003
4227,3070
4228,3182
4229,3030
4230,3051
4231,3068
4232,3192
4233,3020
4234,3000
4235,3151
4236,3199
4237,3174
4238,3121
4239,3195
4240,3003
4241,3121
4242,3152
4243,3141
4244,3113
4245,3193
4246,3183
4247,3182
4248,3030
4249,3013
4250,3173
4251,3106
4252,3122
4253,3002
4254,3003
4255,3000
4256,3028
4257,3767
4258,3000
4259,3182
4260,3000
4261,3032
4262,3000
4263,3006
4264,3000
4265,3008
4266,3029
4267,3185
4268,3144
4269,3182
4270,3121
4271,3141
4272,3000
4273,3006
4274,3168
4275,3006
4276,3004
4277,3147
4278,3199
4279,3004
4280,3121
4281,3053
4282,3006
4283,3006
4284,3141
4285,3775
4286,3039
4287,3072
4288,3004
4289,3108
4290,3073
4291,3003
4292,3142
4293,3058
4294,3000
4295,3027
4296,3095
4297,3142
4298,3053
4299,3183
4300,3079
4301,3056
4302,3053
4303,3127
4304,3065
4305,3000
4306,3188
4307,3205
4308,3006
4309,3000
4310,3000
4311,3068
4312,3004
4313,3070
4314,3000
4315,3121
4316,3182
4317,3000
4318,3034
4319,3161
4320,3167
4321,3799
4322,3144
4323,3016
4324,3161
4325,3006
4326,3031
4327,3165
4328,3071
4329,3207
4330,3184
4331,3006
4332,3006
4333,3000
4334,3160
4335,3028
4336,3150
4337,3183
4338,3185
4339,3181
4340,3004
4341,3002
4342,3141
4343,3141
4344,3141
4345,3161
4346,3185
4347,3000
4348,3032
4349,3000
4350,3143
4351,3150
4352,3161
4353,3141
4354,3065
4355,3182
4356,3003
4357,3006
4358,3337
4359,3000
4360,3182
4361,3046
4362,3068
4363,3000
4364,3752
4365,3108
4366,3065
4367,3142
4368,3109
4369,3207
4370,3204
4371,3000
4372,3000
4373,3192
4374,3004
4375,3127
4376,3056
4377,3075
4378,3002
4379,3056
4380,3052
4381,3000
4382,3000
4383,3000
4384,3006
4385,3008
4386,3142
4387,3006
4388,3029
4389,3000
4390,3067
4391,3067
4392,3004
4393,3000
4394,3030
4395,3008
4396,3068
4397,3181
4398,3205
4399,3182
4400,3006
4401,3046
4402,3136
4403,3006
4404,3000
4405,3133
4406,3008
4407,3004
4408,3141
4409,3057
4410,3128
4411,3103
4412,3000
4413,3067
4414,3141
4415,3065
4416,3207
4417,3121
4418,3000
4419,3165
4420,3065
4421,3006
4422,3070
4423,3000
4424,3182
4425,3006
4426,3055
4427,3184
4428,3008
4429,3071
4430,3181
4431,3031
4432,3006
4433,3191
4434,3181
4435,3182
4436,3101
4437,3183
4438,3104
4439,3199
4440,3073
4441,3189
4442,3207
4443,3181
4444,3182
4445,3036
4446,3058
4447,3000
4448,3799
4449,3000
4450,3055
4451,3183
4452,3205
4453,3121
4454,3000
4455,3000
4456,3000
4457,3008
4458,3000
4459,3195
4460,3015
4461,3032
4462,3006
4463,3207
4464,3000
4465,3054
4466,3199
4467,3004
4468,3039
4469,3013
4470,3053
4471,3032
4472,3193
4473,3006
4474,3000
4475,3070
4476,3000
4477,3000
4478,3207
4479,3160
4480,3122
4481,3206
4482,3031
4483,3004
4484,3076
4485,3777
4486,3006
4487,3182
4488,3182
4489,3004
4490,3015
4491,3000
4492,3043
4493,3181
4494,3006
4495,3011
4496,3032
4497,3006
4498,3182
4499,3141
4500,3006
4501,3162
4502,3141
4503,3182
4504,3047
4505,3182
4506,3015
4507,3101
4508,3181
4509,3004
4510,3181
4511,3056
4512,3141
4513,3183
4514,3071
4515,3000
4516,3068
4517,3032
4518,3064
4519,3765
4520,3052
4521,3000
4522,3006
4523,3065
4524,3057
4525,3000
4526,3181
4527,3181
4528,3078
4529,3782
4530,3072
4531,3205
4532,3198
4533,3182
4534,3141
4535,3011
4536,3031
4537,3000
4538,3185
4539,3174
4540,3040
4541,3004
4542,3192
4543,3195
4544,3000
4545,3809
4546,3124
4547,3182
4548,3053
4549,3000
4550,3149
4551,3158
4552,3032
4553,3150
4554,3122
4555,3030
4556,3011
4557,3006
4558,3011
4559,3166
4560,3181
4561,3031
4562,3000
4563,3175
4564,3130
4565,3777
4566,3121
4567,3185
4568,3006
4569,3184
4570,3144
4571,3204
4572,3187
4573,3006
4574,3141
4575,3788
4576,3000
4577,3000
4578,3030
4579,3186
4580,3138
4581,3000
4582,3004
4583,3182
4584,3122
4585,3004
4586,3079
4587,3000
4588,3046
4589,3121
4590,3182
4591,3141
4592,3006
4593,3139
4594,3012
4595,3052
4596,3000
4597,3156
4598,3056
4599,3004
4600,3004
4601,3068
4602,3056
4603,3121
4604,3125
4605,3194
4606,3150
4607,3067
4608,3003
4609,3788
4610,3181
4611,3207
4612,3052
4613,3000
4614,3031
4615,3051
4616,3006
4617,3004
4618,3004
4619,3163
4620,3173
4621,3206
4622,3000
4623,3030
4624,3181
4625,3006
4626,3121
4627,3128
4628,3004
4629,3162
4630,3146
4631,3053
4632,3207
4633,3030
4634,3799
4635,3195
4636,3065
4637,3056
4638,3181
4639,3016
4640,3184
4641,3006
4642,3058
4643,3008
4644,3000
4645,3056
4646,3168
4647,3121
4648,3031
4649,3161
4650,3054
4651,3000
4652,3150
4653,3163
4654,3182
4655,3126
4656,3121
4657,3121
4658,3121
4659,3000
4660,3146
4661,3065
4662,3149
4663,3185
4664,3000
4665,3006
4666,3006
4667,3032
4668,3142
4669,3128
4670,3141
4671,3000
4672,3004
4673,3000
4674,3008
4675,3054
4676,3182
4677,3141
4678,3181
4679,3182
4680,3181
4681,3000
4682,3182
4683,3024
4684,3053
4685,3053
4686,3058
4687,3182
4688,3127
4689,3065
4690,3016
4691,3032
4692,3122
4693,3204
4694,3108
4695,3052
4696,3150
4697,3068
4698,3000
4699,3008
4700,3008
4701,3207
4702,3205
4703,3166
4704,3053
4705,3152
4706,3053
4707,3071
4708,3000
4709,3004
4710,3000
4711,3006
4712,3000
4713,3052
4714,3205
4715,3121
4716,3141
4717,3006
4718,3065
4719,3182
4720,3032
4721,3064
4722,3000
4723,3183
4724,3168
4725,3053
4726,3121
4727,3788
4728,3006
4729,3205
4730,3000
4731,3000
4732,3053
4733,3006
4734,3000
4735,3134
4736,3003
4737,3182
4738,3180
4739,3113
4740,3011
4741,3068
4742,3182
4743,3000
4744,3196
4745,3191
4746,3163
4747,3791
4748,3008
4749,3182
4750,3066
4751,3121
4752,3004
4753,3008
4754,3000
4755,3141
4756,3101
4757,3006
4758,3003
4759,3030
4760,3083
4761,3070
4762,3000
4763,3198
4764,3102
4765,3000
4766,3000
4767,3051
4768,3006
4769,3008
4770,3184
4771,3058
4772,3141
4773,3182
4774,3015
4775,3108
4776,3799
4777,3030
4778,3122
4779,3104
4780,3002
4781,3071
4782,3182
4783,3000
4784,3072
4785,3123
4786,3205
4787,3792
4788,3004
4789,3000
4790,3783
4791,3066
4792,3006
4793,3143
4794,3181
4795,3056
4796,3108
4797,3006
4798,3051
4799,3128
4800,3053
4801,3000
4802,3195
4803,3121
4804,3006
4805,3067
4806,3000
4807,3113
4808,3000
4809,3775
4810,3777
4811,3053
4812,3156
4813,3008
4814,3016
4815,3181
4816,3106
4817,3160
4818,3015
4819,3139
4820,3141
4821,3066
4822,3141
4823,3074
4824,3004
4825,3047
4826,3182
4827,3000
4828,3182
4829,3190
4830,3046
4831,3182
4832,3051
4833,3004
4834,3006
4835,3070
4836,3006
4837,3141
4838,3066
4839,3180
4840,3182
4841,3182
4842,3000
4843,3053
4844,3000
4845,3105
4846,3031
4847,3000
4848,3056
4849,3008
4850,3128
4851,3006
4852,3000
4853,3000
4854,3070
4855,3000
4856,3182
4857,3070
4858,3023
4859,3067
4860,3053
4861,3053
4862,3000
4863,3775
4864,3782
4865,3020
4866,3184
4867,3006
4868,3053
4869,3168
4870,3122
4871,3182
4872,3182
4873,3788
4874,3066
4875,3053
4876,3081
4877,3121
4878,3182
4879,3000
4880,3142
4881,3031
4882,3058
4883,3000
4884,3051
4885,3056
4886,3066
4887,3056
4888,3031
4889,3105
4890,3182
4891,3057
4892,3071
4893,3141
4894,3004
4895,3184
4896,3122
4897,3184
4898,3000
4899,3028
4900,3186
4901,3066
4902,3039
4903,3006
4904,3184
4905,3000
4906,3775
4907,3205
4908,3141
4909,3000
4910,3799
4911,3182
4912,3121
4913,3000
4914,3145
4915,3128
4916,3127
4917,3188
4918,3142
4919,3000
4920,3004
4921,3032
4922,3121
4923,3128
4924,3039
4925,3128
4926,3000
4927,3067
4928,3068
4929,3803
4930,3071
4931,3008
4932,3000
4933,3193
4934,3123
4935,3103
4936,3182
4937,3766
4938,3030
4939,3195
4940,3053
4941,3000
4942,3000
4943,3008
4944,3128
4945,3006
4946,3131
4947,3068
4948,3002
4949,3204
4950,3004
4951,3145
4952,3181
4953,3003
4954,3000
4955,3121
4956,3000
4957,3000
4958,3193
4959,3056
4960,3000
4961,3181
4962,3008
4963,3004
4964,3205
4965,3083
4966,3145
4967,3122
4968,3003
4969,3000
4970,3000
4971,3196
4972,3008
4973,3184
4974,3032
4975,3068
4976,3000
4977,3066
4978,3000
4979,3168
4980,3006
4981,3000
4982,3197
4983,3206
4984,3053
4985,3008
4986,3194
4987,3121
4988,3141
4989,3182
4990,3012
4991,3000
4992,3175
4993,3163
4994,3188
4995,3051
4996,3205
4997,3004
4998,3134
4999,3146
5000,3004
5001,3003
5002,3000
5003,3008
5004,3000
5005,3775
5006,3006
5007,3184
5008,3072
5009,3142
5010,3121
5011,3006
5012,3008
5013,3000
5014,3008
5015,3000
5016,3002
5017,3058
5018,3008
5019,3173
5020,3145
5021,3068
5022,3000
5023,3206
5024,3070
5025,3066
5026,3141
5027,3000
5028,3006
5029,3006
5030,3184
5031,3121
5032,3196
5033,3054
5034,3051
5035,3000
5036,3182
5037,3031
5038,3205
5039,3187
5040,3141
5041,3006
5042,3068
5043,3000
5044,3787
5045,3065
5046,3032
5047,3128
5048,3105
5049,3141
5050,3163
5051,3006
5052,3141
5053,3168
5054,3006
5055,3141
5056,3006
5057,3141
5058,3754
5059,3004
5060,3065
5061,3078
5062,3019
5063,3161
5064,3182
5065,3015
5066,3204
5067,3084
5068,3004
5069,3000
5070,3806
5071,3006
5072,3000
5073,3149
5074,3068
5075,3004
5076,3161
5077,3121
5078,3057
5079,3004
5080,3146
5081,3150
5082,3012
5083,3054
5084,3051
5085,3044
5086,3020
5087,3000
5088,3006
5089,3182
5090,3181
5091,3000
5092,3054
5093,3008
5094,3206
5095,3182
5096,3192
5097,3160
5098,3006
5099,3141
5100,3189
5101,3004
5102,3004
5103,3008
5104,3121
5105,3182
5106,3033
5107,3130
5108,3182
5109,3103
5110,3206
5111,3000
5112,3184
5113,3008
5114,3121
5115,3121
5116,3006
5117,3182
5118,3184
5119,3142
5120,3108
5121,3006
5122,3027
5123,3115
5124,3020
5125,3000
5126,3121
5127,3068
5128,3004
5129,3000
5130,3000
5131,3152
5132,3065
5133,3911
5134,3000
5135,3000
5136,3056
5137,3030
5138,3141
5139,3777
5140,3006
5141,3121
5142,3053
5143,3185
5144,3006
5145,3051
5146,3006
5147,3021
5148,3052
5149,3046
5150,3000
5151,3205
5152,3191
5153,3000
5154,3182
5155,3000
5156,3029
5157,3140
5158,3000
5159,3052
5160,3020
5161,3000
5162,3127
5163,3004
5164,3141
5165,3084
5166,3799
5167,3128
5168,3181
5169,3121
5170,3008
5171,3141
5172,3000
5173,3065
5174,3141
5175,3198
5176,3000
5177,3066
5178,3204
5179,3064
5180,3150
5181,3109
5182,3141
5183,3065
5184,3191
5185,3046
5186,3011
5187,3016
5188,3121
5189,3141
5190,3099
5191,3000
5192,3002
5193,3149
5194,3055
5195,3068
5196,3008
5197,3141
5198,3182
5199,3101
5200,3004
5201,3072
5202,3008
5203,3030
5204,3011
5205,3051
5206,3121
5207,3065
5208,3777
5209,3128
5210,3070
5211,3067
5212,3121
5213,3122
5214,3192
5215,3000
5216,3008
5217,3124
5218,3787
5219,3000
5220,3141
5221,3078
5222,3006
5223,3000
5224,3141
5225,3002
5226,3782
5227,3101
5228,3146
5229,3056
5230,3121
5231,3182
5232,3182
5233,3139
5234,3056
5235,3000
5236,3181
5237,3000
5238,3006
5239,3072
5240,3183
5241,3066
5242,3187
5243,3003
5244,3054
5245,3777
5246,3429
5247,3002
5248,3121
5249,3083
5250,3141
5251,3186
5252,3000
5253,3012
5254,3053
5255,3004
5256,3006
5257,3066
5258,3003
5259,3065
5260,3027
5261,3006
5262,3000
5263,3787
5264,3053
5265,3066
5266,3068
5267,3000
5268,3000
5269,3911
5270,3183
5271,3053
5272,3800
5273,3000
5274,3163
5275,3183
5276,3053
5277,3031
5278,3068
5279,3182
5280,3011
5281,3065
5282,3183
5283,3008
5284,3121
5285,3000
5286,3057
5287,3109
5288,3205
5289,3128
5290,3131
5291,3068
5292,3056
5293,3030
5294,3182
5295,3002
5296,3032
5297,3429
5298,3072
5299,3184
5300,3053
5301,3000
5302,3000
5303,3076
5304,3065
5305,3032
5306,3006
5307,3000
5308,3106
5309,3053
5310,3055
5311,3000
5312,3006
5313,3184
5314,3000
5315,3168
5316,3186
5317,3000
5318,3055
5319,3070
5320,3008
5321,3053
5322,3067
5323,3003
5324,3141
5325,3155
5326,3141
5327,3000
5328,3003
5329,3000
5330,3000
5331,3182
5332,3122
5333,3056
5334,3002
5335,3123
5336,3011
5337,3040
5338,3121
5339,3184
5340,3078
5341,3004
5342,3008
5343,3191
5344,3053
5345,3000
5346,3788
5347,3000
5348,3008
5349,3070
5350,3029
5351,3070
5352,3056
5353,3789
5354,3053
5355,3207
5356,3183
5357,3004
5358,3777
5359,3056
5360,3124
5361,3205
5362,3205
5363,3006
5364,3006
5365,3051
5366,3000
5367,3000
5368,3006
5369,3066
5370,3183
5371,3124
5372,3141
5373,3148
5374,3013
5375,3051
5376,3028
5377,3154
5378,3030
5379,3011
5380,3012
5381,3051
5382,3109
5383,3008
5384,3000
5385,3000
5386,3008
5387,3008
5388,3121
5389,3006
5390,3006
5391,3128
5392,3121
5393,3000
5394,3171
5395,3030
5396,3000
5397,3072
5398,3799
5399,3084
5400,3000
5401,3000
5402,3000
5403,3128
5404,3123
5405,3071
5406,3000
5407,3008
5408,3108
5409,3123
5410,3013
5411,3173
5412,3051
5413,3006
5414,3095
5415,3013
5416,3011
5417,3084
5418,3054
5419,3162
5420,3006
5421,3004
5422,3000
5423,3051
5424,3008
5425,3000
5426,3049
5427,3140
5428,3032
5429,3032
5430,3000
5431,3113
5432,3046
5433,3070
5434,3006
5435,3770
5436,3181
5437,3053
5438,3000
5439,3160
5440,3150
5441,3000
5442,3067
5443,3195
5444,3141
5445,3004
5446,3006
5447,3067
5448,3181
5449,3000
5450,3004
5451,3148
5452,3004
5453,3015
5454,3000
5455,3000
5456,3184
5457,3002
5458,3181
5459,3053
5460,3782
5461,3063
5462,3000
5463,3067
5464,3191
5465,3152
5466,3141
5467,3145
5468,3008
5469,3799
5470,3205
5471,3188
5472,3006
5473,3207
5474,3008
5475,3006
5476,3006
5477,3782
5478,3121
5479,3000
5480,3182
5481,3011
5482,3182
5483,3199
5484,3182
5485,3182
5486,3121
5487,3008
5488,3183
5489,3030
5490,3004
5491,3006
5492,3008
5493,3053
5494,3029
5495,3053
5496,3006
5497,3765
5498,3141
5499,3191
5500,3128
5501,3000
5502,3000
5503,3006
5504,3183
5505,3000
5506,3000
5507,3006
5508,3006
5509,3141
5510,3781
5511,3141
5512,3031
5513,3056
5514,3006
5515,3078
5516,3163
5517,3000
5518,3150
5519,3141
5520,3142
5521,3008
5522,3182
5523,3127
5524,3070
5525,3128
5526,3184
5527,3000
5528,3008
5529,3204
5530,3037
5531,3000
5532,3056
5533,3057
5534,3000
5535,3000
5536,3051
5537,3113
5538,3004
5539,3036
5540,3121
5541,3041
5542,3031
5543,3127
5544,3002
5545,3008
5546,3102
5547,3141
5548,3806
5549,3065
5550,3067
5551,3000
5552,3183
5553,3000
5554,3004
5555,3057
5556,3810
5557,3012
5558,3132
5559,3000
5560,3206
5561,3004
5562,3182
5563,3006
5564,3799
5565,3182
5566,3141
5567,3000
5568,3008
5569,3000
5570,3004
5571,3012
5572,3000
5573,3008
5574,3168
5575,3078
5576,3006
5577,3196
5578,3030
5579,3000
5580,3184
5581,3162
5582,3051
5583,3182
5584,3182
5585,3004
5586,3008
5587,3067
5588,3000
5589,3054
5590,3066
5591,3000
5592,3182
5593,3054
5594,3182
5595,3000
5596,3031
5597,3797
5598,3111
5599,3130
5600,3182
5601,3032
5602,3006
5603,3162
5604,3000
5605,3072
5606,3067
5607,3043
5608,3113
5609,3178
5610,3182
5611,3121
5612,3008
5613,3766
5614,3147
5615,3056
5616,3121
5617,3178
5618,3806
5619,3181
5620,3000
5621,3067
5622,3000
5623,3013
5624,3182
5625,3205
5626,3182
5627,3128
5628,3000
5629,3139
5630,3056
5631,3186
5632,3193
5633,3054
5634,3129
5635,3008
5636,3064
5637,3121
5638,3188
5639,3146
5640,3058
5641,3057
5642,3186
5643,3206
5644,3204
5645,3106
5646,3073
5647,3008
5648,3141
5649,3006
5650,3207
5651,3205
5652,3182
5653,3072
5654,3008
5655,3163
5656,3122
5657,3056
5658,3004
5659,3781
5660,3139
5661,3006
5662,3071
5663,3054
5664,3121
5665,3000
5666,3030
5667,3182
5668,3121
5669,3008
5670,3199
5671,3006
5672,3122
5673,3003
5674,3806
5675,3121
5676,3791
5677,3000
5678,3156
5679,3000
5680,3004
5681,3000
5682,3000
5683,3205
5684,3008
5685,3006
5686,3206
5687,3043
5688,3121
5689,3141
5690,3141
5691,3006
5692,3128
5693,3108
5694,3053
5695,3006
5696,3182
5697,3065
5698,3199
5699,3122
5700,3184
5701,3008
5702,3015
5703,3141
5704,3004
5705,3207
5706,3006
5707,3067
5708,3141
5709,3056
5710,3175
5711,3004
5712,3004
5713,3008
5714,3032
5715,3046
5716,3000
5717,3184
5718,3141
5719,3182
5720,3070
5721,3121
5722,3777
5723,3144
5724,3182
5725,3000
5726,3161
5727,3084
5728,3141
5729,3127
5730,3150
5731,3141
5732,3168
5733,3031
5734,3006
5735,3068
5736,3184
5737,3004
5738,3000
5739,3004
5740,3004
5741,3008
5742,3000
5743,3000
5744,3067
5745,3182
5746,3182
5747,3053
5748,3121
5749,3003
5750,3182
5751,3018
5752,3000
5753,3066
5754,3181
5755,3057
5756,3170
5757,3003
5758,3173
5759,3777
5760,3182
5761,3031
5762,3053
5763,3142
5764,3068
5765,3121
5766,3205
5767,3108
5768,3121
5769,3030
5770,3187
5771,3053
5772,3032
5773,3000
5774,3204
5775,3184
5776,3181
5777,3053
5778,3174
5779,3003
5780,3184
5781,3192
5782,3070
5783,3206
5784,3134
5785,3152
5786,3182
5787,3207
5788,3084
5789,3782
5790,3124
5791,3108
5792,3202
5793,3000
5794,3055
5795,3011
5796,3000
5797,3000
5798,3004
5799,3006
5800,3122
5801,3068
5802,3006
5803,3056
5804,3032
5805,3000
5806,3073
5807,3183
5808,3006
5809,3000
5810,3064
5811,3182
5812,3139
5813,3121
5814,3000
5815,3004
5816,3000
5817,3141
5818,3066
5819,3006
5820,3181
5821,3000
5822,3199
5823,3186
5824,3031
5825,3065
5826,3123
5827,3056
5828,3000
5829,3004
5830,3204
5831,3065
5832,3073
5833,3053
5834,3150
5835,3106
5836,3782
5837,3108
5838,3030
5839,3056
5840,3757
5841,3003
5842,3199
5843,3008
5844,3003
5845,3008
5846,3767
5847,3168
5848,3000
5849,3183
5850,3207
5851,3182
5852,3799
5853,3068
5854,3000
5855,3065
5856,3058
5857,3079
5858,3065
5859,3185
5860,3020
5861,3000
5862,3182
5863,3000
5864,3004
5865,3196
5866,3004
5867,3055
5868,3199
5869,3194
5870,3101
5871,3207
5872,3000
5873,3184
5874,3205
5875,3182
5876,3006
5877,3000
5878,3053
5879,3000
5880,3184
5881,3181
5882,3195
5883,3207
5884,3053
5885,3032
5886,3000
5887,3000
5888,3006
5889,3128
5890,3172
5891,3006
5892,3000
5893,3056
5894,3788
5895,3121
5896,3037
5897,3072
5898,3008
5899,3182
5900,3070
5901,3053
5902,3006
5903,3000
5904,3767
5905,3008
5906,3000
5907,3000
5908,3163
5909,3000
5910,3066
5911,3013
5912,3000
5913,3129
5914,3168
5915,3000
5916,3000
5917,3122
5918,3108
5919,3042
5920,3052
5921,3055
5922,3199
5923,3053
5924,3008
5925,3000
5926,3183
5927,3029
5928,3190
5929,3004
5930,3004
5931,3004
5932,3004
5933,3000
5934,3169
5935,3000
5936,3103
5937,3000
5938,3121
5939,3152
5940,3008
5941,3030
5942,3006
5943,3000
5944,3121
5945,3004
5946,3015
5947,3000
5948,3141
5949,3004
5950,3004
5951,3070
5952,3181
5953,3186
5954,3161
5955,3182
5956,3207
5957,3006
5958,3792
5959,3113
5960,3000
5961,3056
5962,3803
5963,3063
5964,3006
5965,3000
5966,3067
5967,3131
5968,3188
5969,3044
5970,3000
5971,3168
5972,3182
5973,3058
5974,3011
5975,3777
5976,3810
5977,3068
5978,3141
5979,3055
5980,3000
5981,3186
5982,3184
5983,3144
5984,3141
5985,3051
5986,3000
5987,3000
5988,3186
5989,3068
5990,3000
5991,3777
5992,3030
5993,3757
5994,3163
5995,3044
5996,3066
5997,3008
5998,3181
5999,3004
6000,3000
6001,3006
6002,3059
6003,3053
6004,3128
6005,3002
6006,3141
6007,3143
6008,3182
6009,3004
6010,3000
6011,3182
6012,3000
6013,3051
6014,3006
6015,3000
6016,3000
6017,3000
6018,3202
6019,3006
6020,3206
6021,3162
6022,3052
6023,3173
6024,3042
6025,3121
6026,3182
6027,3141
6028,3143
6029,3182
6030,3056
6031,3031
6032,3183
6033,3121
6034,3011
6035,3121
6036,3056
6037,3000
6038,3000
6039,3130
6040,3142
6041,3181
6042,3187
6043,3186
6044,3006
6045,3128
6046,3806
6047,3101
6048,3143
6049,3141
6050,3053
6051,3799
6052,3134
6053,3055
6054,3000
6055,3016
6056,3182
6057,3081
6058,3053
6059,3184
6060,3121
6061,3134
6062,3000
6063,3182
6064,3173
6065,3146
6066,3195
6067,3182
6068,3207
6069,3056
6070,3070
6071,3000
6072,3006
6073,3777
6074,3182
6075,3148
6076,3799
6077,3084
6078,3008
6079,3012
6080,3008
6081,3070
6082,3000
6083,3030
6084,3183
6085,3182
6086,3040
6087,3008
6088,3006
6089,3006
6090,3000
6091,3004
6092,3000
6093,3163
6094,3000
6095,3013
6096,3183
6097,3057
6098,3142
6099,3000
6100,3141
6101,3000
6102,3128
6103,3182
6104,3777
6105,3122
6106,3000
6107,3006
6108,3141
6109,3066
6110,3000
6111,3012
6112,3004
6113,3184
6114,3163
6115,3188
6116,3046
6117,3079
6118,3207
6119,3011
6120,3056
6121,3141
6122,3006
6123,3191
6124,3029
6125,3040
6126,3182
6127,3777
6128,3183
6129,3182
6130,3068
6131,3161
6132,3182
6133,3055
6134,3181
6135,3153
6136,3004
6137,3136
6138,3181
6139,3008
6140,3051
6141,3161
6142,3003
6143,3172
6144,3121
6145,3076
6146,3053
6147,3058
6148,3067
6149,3000
6150,3121
6151,3054
6152,3051
6153,3207
6154,3000
6155,3141
6156,3029
6157,3046
6158,3070
6159,3012
6160,3000
6161,3000
6162,3070
6163,3000
6164,3777
6165,3207
6166,3068
6167,3070
6168,3004
6169,3066
6170,3207
6171,3000
6172,3000
6173,3066
6174,3064
6175,3000
6176,3122
6177,3004
6178,3205
6179,3173
6180,3129
6181,3004
6182,3054
6183,3181
6184,3000
6185,3805
6186,3070
6187,3000
6188,3067
6189,3000
6190,3000
6191,3008
6192,3067
6193,3002
6194,3182
6195,3006
6196,3000
6197,3175
6198,3141
6199,3159
6200,3182
6201,3003
6202,3056
6203,3182
6204,3122
6205,3123
6206,3000
6207,3127
6208,3053
6209,3008
6210,3121
6211,3000
6212,3104
6213,3194
6214,3000
6215,3000
6216,3029
6217,3194
6218,3053
6219,3182
6220,3181
6221,3122
6222,3207
6223,3006
6224,3031
6225,3006
6226,3006
6227,3043
6228,3000
6229,3000
6230,3000
6231,3000
6232,3032
6233,3006
6234,3977
6235,3055
6236,3000
6237,3141
6238,3000
6239,3182
6240,3121
6241,3008
6242,3051
6243,3981
6244,3199
6245,3008
6246,3004
6247,3143
6248,3121
6249,3056
6250,3008
6251,3183
6252,3121
6253,3072
6254,3184
6255,3123
6256,3787
6257,3079
6258,3015
6259,3008
6260,3004
6261,3141
6262,3000
6263,3182
6264,3101
6265,3053
6266,3205
6267,3055
6268,3021
6269,3182
6270,3128
6271,3006
6272,3142
6273,3023
6274,3168
6275,3182
6276,3165
6277,3006
6278,3182
6279,3182
6280,3182
6281,3108
6282,3008
6283,3006
6284,3000
6285,3128
6286,3004
6287,3170
6288,3136
6289,3182
6290,3752
6291,3040
6292,3196
6293,3806
6294,3182
6295,3068
6296,3139
6297,3067
6298,3065
6299,3128
6300,3006
6301,3070
6302,3184
6303,3123
6304,3057
6305,3141
6306,3104
6307,3178
6308,3000
6309,3011
6310,3182
6311,3000
6312,3142
6313,3008
6314,3072
6315,3066
6316,3121
6317,3058
6318,3030
6319,3128
6320,3051
6321,3053
6322,3101
6323,3165
6324,3004
6325,3149
6326,3804
6327,3070
6328,3041
6329,3000
6330,3162
6331,3008
6332,3128
6333,3072
6334,3156
6335,3051
6336,3016
6337,3198
6338,3205
6339,3000
6340,3141
6341,3053
6342,3053
6343,3788
6344,3000
6345,3183
6346,3000
6347,3008
6348,3008
6349,3000
6350,3104
6351,3182
6352,3068
6353,3000
6354,3066
6355,3006
6356,3000
6357,3000
6358,3000
6359,3065
6360,3182
6361,3006
6362,3072
6363,3182
6364,3004
6365,3138
6366,3000
6367,3182
6368,3182
6369,3024
6370,3129
6371,3128
6372,3081
6373,3181
6374,3000
6375,3015
6376,3053
6377,3805
6378,3058
6379,3168
6380,3188
6381,3006
6382,3065
6383,3207
6384,3207
6385,3031
6386,3042
6387,3163
6388,3103
6389,3051
6390,3051
6391,3141
6392,3144
6393,3182
6394,3021
6395,3788
6396,3192
6397,3066
6398,3160
6399,3109
6400,3006
6401,3058
6402,3053
6403,3184
6404,3053
6405,3000
6406,3008
6407,3046
6408,3004
6409,3004
6410,3141
6411,3159
6412,3006
6413,3006
6414,3053
6415,3008
6416,3337
6417,3108
6418,3121
6419,3141
6420,3065
6421,3006
6422,3182
6423,3006
6424,3054
6425,3000
6426,3182
6427,3128
6428,3108
6429,3006
6430,3065
6431,3183
6432,3030
6433,3018
6434,3000
6435,3162
6436,3000
6437,3056
6438,3182
6439,3000
6440,3008
6441,3000
6442,3121
6443,3130
6444,3777
6445,3000
6446,3054
6447,3761
6448,3173
6449,3205
6450,3006
6451,3101
6452,3004
6453,3057
6454,3185
6455,3004
6456,3142
6457,3054
6458,3128
6459,3182
6460,3072
6461,3162
6462,3066
6463,3000
6464,3004
6465,3006
6466,3799
6467,3000
6468,3186
6469,3068
6470,3068
6471,3058
6472,3124
6473,3159
6474,3199
6475,3006
6476,3162
6477,3008
6478,3003
6479,3006
6480,3141
6481,3000
6482,3004
6483,3121
6484,3004
6485,3008
6486,3141
6487,3066
6488,3178
6489,3051
6490,3000
6491,3078
6492,3131
6493,3000
6494,3160
6495,3000
6496,3204
6497,3057
6498,3027
6499,3006
6500,3000
6501,3142
6502,3181
6503,3151
6504,3003
6505,3783
6506,3006
6507,3000
6508,3041
6509,3143
6510,3206
6511,3030
6512,3043
6513,3032
6514,3113
6515,3000
6516,3101
6517,3182
6518,3070
6519,3185
6520,3051
6521,3000
6522,3000
6523,3141
6524,3185
6525,3000
6526,3191
6527,3067
6528,3053
6529,3051
6530,3122
6531,3185
6532,3053
6533,3196
6534,3107
6535,3032
6536,3127
6537,3006
6538,3066
6539,3809
6540,3121
6541,3066
6542,3056
6543,3053
6544,3183
6545,3006
6546,3071
6547,3141
6548,3006
6549,3150
6550,3051
6551,3006
6552,3004
6553,3008
6554,3004
6555,3083
6556,3066
6557,3127
6558,3030
6559,3000
6560,3141
6561,3008
6562,3121
6563,3065
6564,3121
6565,3777
6566,3054
6567,3000
6568,3178
6569,3031
6570,3765
6571,3006
6572,3002
6573,3182
6574,3006
6575,3000
6576,3053
6577,3000
6578,3000
6579,3065
6580,3182
6581,3000
6582,3183
6583,3207
6584,3070
6585,3006
6586,3000
6587,3000
6588,3199
6589,3183
6590,3184
6591,3057
6592,3181
6593,3070
6594,3000
6595,3000
6596,3121
6597,3002
6598,3782
6599,3054
6600,3006
6601,3078
6602,3006
6603,3019
6604,3770
6605,3000
6606,3146
6607,3161
6608,3000
6609,3067
6610,3111
6611,3121
6612,3184
6613,3000
6614,3053
6615,3121
6616,3076
6617,3071
6618,3070
6619,3182
6620,3128
6621,3083
6622,3079
6623,3128
6624,3141
6625,3000
6626,3006
6627,3002
6628,3000
6629,3047
6630,3004
6631,3058
6632,3008
6633,3046
6634,3004
6635,3184
6636,3053
6637,3000
6638,3000
6639,3066
6640,3182
6641,3123
6642,3183
6643,3003
6644,3206
6645,3071
6646,3015
6647,3141
6648,3054
6649,3121
6650,3015
6651,3173
6652,3205
6653,3056
6654,3204
6655,3054
6656,3037
6657,3000
6658,3114
6659,3128
6660,3182
6661,3006
6662,3056
6663,3000
6664,3777
6665,3182
6666,3039
6667,3000
6668,3185
6669,3175
6670,3065
6671,3141
6672,3008
6673,3004
6674,3006
6675,3065
6676,3000
6677,3000
6678,3000
6679,3000
6680,3187
6681,3980
6682,3135
6683,3006
6684,3123
6685,3065
6686,3068
6687,3065
6688,3181
6689,3161
6690,3083
6691,3039
6692,3791
6693,3000
6694,3182
6695,3008
6696,3004
6697,3183
6698,3121
6699,3977
6700,3148
6701,3053
6702,3028
6703,3042
6704,3070
6705,3079
6706,3166
6707,3161
6708,3109
6709,3000
6710,3000
6711,3182
6712,3000
6713,3184
6714,3207
6715,3000
6716,3150
6717,3163
6718,3130
6719,3004
6720,3133
6721,3073
6722,3783
6723,3181
6724,3108
6725,3102
6726,3006
6727,3122
6728,3181
6729,3145
6730,3777
6731,3004
6732,3081
6733,3046
6734,3183
6735,3000
6736,3192
6737,3182
6738,3000
6739,3053
6740,3065
6741,3055
6742,3004
6743,3143
6744,3141
6745,3150
6746,3070
6747,3000
6748,3181
6749,3754
6750,3066
6751,3004
6752,3000
6753,3000
6754,3182
6755,3056
6756,3123
6757,3030
6758,3125
6759,3799
6760,3182
6761,3011
6762,3141
6763,3053
6764,3053
6765,3000
6766,3008
6767,3207
6768,3079
6769,3000
6770,3199
6771,3182
6772,3070
6773,3182
6774,3000
6775,3000
6776,3146
6777,3066
6778,3008
6779,3183
6780,3042
6781,3140
6782,3016
6783,3011
6784,3074
6785,3206
6786,3003
6787,3000
6788,3000
6789,3115
6790,3141
6791,3182
6792,3006
6793,3032
6794,3031
6795,3053
6796,3084
6797,3166
6798,3207
6799,3121
6800,3056
6801,3031
6802,3000
6803,3065
6804,3057
6805,3142
6806,3000
6807,3181
6808,3056
6809,3193
6810,3031
6811,3000
6812,3066
6813,3188
6814,3183
6815,3000
6816,3799
6817,3000
6818,3040
6819,3006
6820,3051
6821,3067
6822,3141
6823,3182
6824,3123
6825,3121
6826,3012
6827,3068
6828,3023
6829,3000
6830,3184
6831,3181
6832,3043
6833,3000
6834,3161
6835,3205
6836,3135
6837,3805
6838,3207
6839,3000
6840,3008
6841,3072
6842,3128
6843,3000
6844,3072
6845,3204
6846,3052
6847,3199
6848,3004
6849,3000
6850,3181
6851,3000
6852,3205
6853,3196
6854,3184
6855,3141
6856,3788
6857,3206
6858,3182
6859,3008
6860,3000
6861,3006
6862,3783
6863,3021
6864,3121
6865,3760
6866,3000
6867,3070
6868,3056
6869,3068
6870,3000
6871,3181
6872,3008
6873,3797
6874,3056
6875,3000
6876,3067
6877,3191
6878,3000
6879,3000
6880,3030
6881,3006
6882,3140
6883,3165
6884,3166
6885,3051
6886,3003
6887,3121
6888,3204
6889,3170
6890,3124
6891,3004
6892,3004
6893,3205
6894,3031
6895,3000
6896,3051
6897,3000
6898,3056
6899,3186
6900,3139
6901,3051
6902,3182
6903,3055
6904,3006
6905,3204
6906,3000
6907,3185
6908,3083
6909,3008
6910,3206
6911,3777
6912,3149
6913,3121
6914,3777
6915,3000
6916,3000
6917,3182
6918,3006
6919,3000
6920,3004
6921,3065
6922,3141
6923,3052
6924,3000
6925,3103
6926,3000
6927,3775
6928,3799
6929,3031
6930,3141
6931,3058
6932,3051
6933,3129
6934,3000
6935,3000
6936,3052
6937,3002
6938,3188
6939,3168
6940,3003
6941,3068
6942,3799
6943,3000
6944,3006
6945,3121
6946,3066
6947,3186
6948,3058
6949,3130
6950,3800
6951,3006
6952,3006
6953,3006
6954,3000
6955,3181
6956,3089
6957,3052
6958,3121
6959,3064
6960,3182
6961,3128
6962,3168
6963,3008
6964,3000
6965,3006
6966,3068
6967,3000
6968,3182
6969,3000
6970,3000
6971,3809
6972,3006
6973,3000
6974,3777
6975,3006
6976,3145
6977,3053
6978,3163
6979,3030
6980,3806
6981,3141
6982,3182
6983,3013
6984,3181
6985,3000
6986,3182
6987,3000
6988,3121
6989,3121
6990,3006
6991,3058
6992,3156
6993,3052
6994,3004
6995,3183
6996,3068
6997,3802
6998,3188
6999,3188
